{
  "manu": [
    {
      "kategory": "tshirt",
      "nama": "seragam merah",
      "harga": 300000,
      "gambar ": "seragammerah.jpeg"
    },
    {
      "kategory": "tshirt",
      "nama": "seragam putih",
      "harga": 300000,
      "gambar ": "seragammerah.jpeg"
    },
    {
      "kategory": "tshirt",
      "nama": "baju telkom",
      "harga": 300000,
      "gambar ": "bajutelkom.jpeg"
    },
    {
      "kategory": "tshirt",
      "nama": "baju telkom",
      "harga": 300000,
      "gambar ": "bajutelkom.jpeg"
    }
  ]
}
